file,characters,MSE,PSNR
a.png d.png,12,3.6048418209876544e-05,92.56194148061942
